{"cameraMode":{"drawMode":0,"name":"Shaded","section":"Shading Mode"},"sceneLighting":true,"audioPlay":false,"sceneViewState":{"m_AlwaysRefresh":false,"showFog":true,"showSkybox":true,"showFlares":true,"showImageEffects":true,"showParticleSystems":true,"showVisualEffectGraphs":true,"m_FxEnabled":true},"in2DMode":false,"pivot":{"x":57.595611572265628,"y":10.005794525146485,"z":25.191129684448243},"rotation":{"x":-0.3055203855037689,"y":0.018221866339445115,"z":-0.006139217410236597,"w":-0.9521594047546387},"size":32.488182067871097,"orthographic":false}