{"cameraMode":{"drawMode":0,"name":"Shaded","section":"Shading Mode"},"sceneLighting":true,"audioPlay":false,"sceneViewState":{"m_AlwaysRefresh":false,"showFog":true,"showSkybox":true,"showFlares":true,"showImageEffects":true,"showParticleSystems":true,"showVisualEffectGraphs":true,"m_FxEnabled":true},"in2DMode":false,"pivot":{"x":42.45667266845703,"y":11.385679244995118,"z":17.397464752197267},"rotation":{"x":0.06221708655357361,"y":-0.685416042804718,"z":0.7233940362930298,"w":0.058070387691259387},"size":11.738862991333008,"orthographic":false}