{"cameraMode":{"drawMode":0,"name":"Shaded","section":"Shading Mode"},"sceneLighting":true,"audioPlay":false,"sceneViewState":{"m_AlwaysRefresh":false,"showFog":true,"showSkybox":true,"showFlares":true,"showImageEffects":true,"showParticleSystems":true,"showVisualEffectGraphs":true,"m_FxEnabled":true},"in2DMode":false,"pivot":{"x":39.02467346191406,"y":8.263094902038575,"z":11.919295310974121},"rotation":{"x":0.005264577455818653,"y":-0.7265515923500061,"z":0.005343185737729073,"w":0.6871132850646973},"size":6.866026878356934,"orthographic":false}